{"cameraMode":{"drawMode":0,"name":"Shaded","section":"Shading Mode"},"sceneLighting":true,"audioPlay":false,"sceneViewState":{"m_AlwaysRefresh":false,"showFog":true,"showSkybox":true,"showFlares":true,"showImageEffects":true,"showParticleSystems":true,"showVisualEffectGraphs":true,"m_FxEnabled":true},"in2DMode":false,"pivot":{"x":-0.12485508620738983,"y":-53.67531204223633,"z":7.307849407196045},"rotation":{"x":-0.6367758512496948,"y":0.0027751445304602386,"z":-0.002289252821356058,"w":-0.7710486054420471},"size":42.990840911865237,"orthographic":false}