{"cameraMode":{"drawMode":0,"name":"Shaded","section":"Shading Mode"},"sceneLighting":false,"audioPlay":false,"sceneViewState":{"m_AlwaysRefresh":false,"showFog":true,"showSkybox":false,"showFlares":true,"showImageEffects":true,"showParticleSystems":true,"showVisualEffectGraphs":true,"m_FxEnabled":true},"in2DMode":false,"pivot":{"x":0.0018470436334609986,"y":1.0329999923706055,"z":-4.163355827331543},"rotation":{"x":0.6811083555221558,"y":-0.0029303657356649639,"z":0.005450638942420483,"w":0.7322227954864502},"size":0.6246782541275024,"orthographic":false}